Sample #,value,
0,0.806941,
1,0.8059,
2,0.805695,
3,0.806669,
4,0.805836,
5,0.80526,
6,0.805337,
7,0.805319,
8,0.806249,
9,0.8072,
10,0.806872,
11,0.80614,
12,0.805678,
13,0.806127,
14,0.806002,
15,0.805813,
16,0.805517,
17,0.806095,
18,0.806958,
19,0.804981,
20,0.805779,
21,0.804668,
22,0.805473,
23,0.806991,
24,0.805638,
