Sample #,value,
0,0.839365,
1,0.839126,
2,0.838293,
3,0.83784,
4,0.837713,
5,0.838435,
6,0.838116,
7,0.837833,
8,0.838191,
9,0.83827,
10,0.838456,
11,0.838752,
12,0.838626,
13,0.839005,
14,0.83909,
15,0.839101,
16,0.838778,
17,0.838612,
18,0.838419,
19,0.838792,
20,0.838286,
21,0.838636,
22,0.838931,
23,0.838875,
24,0.838617,
