Sample #,value,
0,0.829766,
1,0.82944,
2,0.829538,
3,0.829332,
4,0.829313,
5,0.829272,
6,0.82935,
7,0.828894,
8,0.829839,
9,0.829823,
10,0.829719,
11,0.829185,
12,0.827746,
13,0.829243,
14,0.830142,
15,0.829325,
16,0.829798,
17,0.829612,
18,0.829735,
19,0.829397,
20,0.829094,
21,0.829668,
22,0.829225,
23,0.829877,
24,0.82968,
