Sample #,value,
0,0.829441,
1,0.829328,
2,0.829528,
3,0.829419,
4,0.829426,
5,0.829484,
6,0.829375,
7,0.829502,
8,0.829519,
9,0.829531,
10,0.829479,
11,0.829362,
12,0.829499,
13,0.829446,
14,0.829461,
15,0.82968,
16,0.82944,
17,0.829368,
18,0.829424,
19,0.829523,
20,0.829327,
21,0.829349,
22,0.829297,
23,0.829152,
24,0.829278,
