Sample #,value,
0,0.829442,
1,0.829581,
2,0.829486,
3,0.829367,
4,0.829246,
5,0.829288,
6,0.829699,
7,0.829807,
8,0.829763,
9,0.829895,
