Sample #,value,
0,0.806471,
1,0.805864,
2,0.806151,
3,0.805918,
4,0.805813,
5,0.806053,
6,0.805868,
7,0.805736,
8,0.806059,
9,0.806346,
