Sample #,value,
0,0.838679,
1,0.838715,
2,0.838853,
3,0.838577,
4,0.838724,
5,0.838566,
6,0.838716,
7,0.838663,
8,0.838668,
9,0.838726,
10,0.838901,
11,0.838865,
12,0.838774,
13,0.838685,
14,0.838572,
15,0.838555,
16,0.838636,
17,0.838664,
18,0.838631,
19,0.838687,
20,0.838774,
21,0.838702,
22,0.838901,
23,0.838666,
24,0.838847,
