Sample #,value,
0,0.805535,
1,0.805737,
2,0.8065,
3,0.805999,
4,0.806848,
5,0.806463,
6,0.806024,
7,0.806179,
8,0.805913,
9,0.806043,
