Sample #,value,
0,0.829518,
1,0.829426,
2,0.829677,
3,0.829437,
4,0.82949,
5,0.829516,
6,0.829511,
7,0.829615,
8,0.829592,
9,0.829559,
10,0.82963,
11,0.829425,
12,0.829433,
13,0.829441,
14,0.829463,
15,0.829446,
16,0.829553,
17,0.829304,
18,0.829331,
19,0.829451,
20,0.829467,
21,0.829441,
22,0.829585,
23,0.829502,
24,0.829457,
