Sample #,value,
0,0.83853,
1,0.838812,
2,0.838492,
3,0.838595,
4,0.838697,
5,0.838642,
6,0.838774,
7,0.838668,
8,0.839006,
9,0.838375,
