Sample #,value,
0,0.829467,
1,0.82944,
2,0.829386,
3,0.829328,
4,0.829677,
5,0.829451,
6,0.829435,
7,0.829426,
8,0.829458,
9,0.829541,
10,0.829483,
11,0.829556,
12,0.82962,
13,0.829409,
14,0.82947,
15,0.829604,
16,0.82931,
17,0.829387,
18,0.829506,
19,0.829421,
20,0.829289,
21,0.829538,
22,0.829454,
23,0.82954,
24,0.829636,
