Sample #,value,
0,0.805895,
1,0.806072,
2,0.805979,
3,0.805995,
4,0.805912,
5,0.806045,
6,0.805927,
7,0.805926,
8,0.805857,
9,0.805937,
10,0.806076,
11,0.806047,
12,0.806172,
13,0.805971,
14,0.80592,
15,0.805993,
16,0.80595,
17,0.806032,
18,0.805973,
19,0.806085,
20,0.806034,
21,0.805897,
22,0.805887,
23,0.80605,
24,0.805952,
