Sample #,value,
0,0.829547,
1,0.829568,
2,0.829475,
3,0.829424,
4,0.82945,
5,0.829045,
6,0.829414,
7,0.829683,
8,0.829741,
9,0.829103,
