Sample #,value,
0,0.838772,
1,0.838726,
2,0.838898,
3,0.838905,
4,0.839089,
5,0.838794,
6,0.8389,
7,0.838689,
8,0.83875,
9,0.838848,
