Sample #,value,
0,0.80538,
1,0.805577,
2,0.806072,
3,0.80596,
4,0.805586,
5,0.805922,
6,0.806288,
7,0.806327,
8,0.806281,
9,0.805691,
10,0.806144,
11,0.806476,
12,0.806371,
13,0.806113,
14,0.806793,
15,0.805911,
16,0.806074,
17,0.806171,
18,0.805884,
19,0.805723,
20,0.8064,
21,0.806573,
22,0.806054,
23,0.806318,
24,0.805584,
