Sample #,value,
0,0.839022,
1,0.838843,
2,0.838694,
3,0.838551,
4,0.838675,
5,0.838638,
6,0.838648,
7,0.838662,
8,0.838688,
9,0.838546,
10,0.838774,
11,0.838989,
12,0.839011,
13,0.838508,
14,0.838658,
15,0.838917,
16,0.838944,
17,0.838673,
18,0.838487,
19,0.838268,
20,0.83879,
21,0.838703,
22,0.838735,
23,0.838755,
24,0.838674,
