Sample #,value,
0,0.831152,
1,0.83054,
2,0.831006,
3,0.829638,
4,0.831182,
5,0.830243,
6,0.830208,
7,0.830571,
8,0.832472,
9,0.829621,
