Sample #,value,
0,0.829555,
1,0.829481,
2,0.829504,
3,0.829567,
4,0.829555,
5,0.829586,
6,0.829501,
7,0.829777,
8,0.829648,
9,0.829554,
10,0.829566,
11,0.829597,
12,0.829538,
13,0.829599,
14,0.829691,
15,0.829366,
16,0.829425,
17,0.829425,
18,0.829577,
19,0.829432,
20,0.829647,
21,0.82946,
22,0.829471,
23,0.829484,
24,0.829402,
