Sample #,value,
0,0.806194,
1,0.805743,
2,0.805444,
3,0.806715,
4,0.80613,
5,0.805734,
6,0.806002,
7,0.804812,
8,0.805924,
9,0.806287,
