Sample #,value,
0,0.838559,
1,0.83861,
2,0.838666,
3,0.838639,
4,0.838566,
5,0.838644,
6,0.838629,
7,0.838726,
8,0.838716,
9,0.838725,
