Sample #,value,
0,0.838773,
1,0.838897,
2,0.838767,
3,0.838875,
4,0.838806,
5,0.838667,
6,0.83882,
7,0.838734,
8,0.838702,
9,0.838607,
10,0.838553,
11,0.838837,
12,0.83873,
13,0.838814,
14,0.839032,
15,0.838932,
16,0.838874,
17,0.838562,
18,0.838722,
19,0.838587,
20,0.838757,
21,0.838746,
22,0.838778,
23,0.838747,
24,0.838674,
