Sample #,value,
0,0.829506,
1,0.829517,
2,0.829609,
3,0.829636,
4,0.829497,
5,0.829396,
6,0.829572,
7,0.829715,
8,0.829616,
9,0.829473,
10,0.82942,
11,0.829446,
12,0.829509,
13,0.829545,
14,0.829555,
15,0.829515,
16,0.829418,
17,0.829518,
18,0.829369,
19,0.829608,
20,0.829587,
21,0.829524,
22,0.829215,
23,0.829615,
24,0.829522,
