Sample #,value,
0,0.805889,
1,0.80589,
2,0.805939,
3,0.805847,
4,0.805991,
5,0.805941,
6,0.805982,
7,0.805899,
8,0.805896,
9,0.806002,
10,0.805991,
11,0.805925,
12,0.805991,
13,0.805906,
14,0.806031,
15,0.805964,
16,0.806015,
17,0.805964,
18,0.805933,
19,0.805848,
20,0.805851,
21,0.806029,
22,0.805979,
23,0.805939,
24,0.805818,
