Sample #,value,
0,0.829552,
1,0.829618,
2,0.829467,
3,0.829392,
4,0.829467,
5,0.829353,
6,0.829499,
7,0.829508,
8,0.829551,
9,0.829425,
10,0.829485,
11,0.829546,
12,0.829493,
13,0.829567,
14,0.829544,
15,0.829578,
16,0.829325,
17,0.829345,
18,0.829467,
19,0.829547,
20,0.829546,
21,0.829489,
22,0.829656,
23,0.829688,
24,0.829432,
