Sample #,value,
0,0.829714,
1,0.829546,
2,0.829289,
3,0.829099,
4,0.829689,
5,0.829731,
6,0.830244,
7,0.829425,
8,0.829208,
9,0.829227,
