Sample #,value,
0,0.806467,
1,0.805554,
2,0.805772,
3,0.806073,
4,0.806091,
5,0.805751,
6,0.80608,
7,0.805587,
8,0.805977,
9,0.805992,
