Sample #,value,
0,0.839233,
1,0.838843,
2,0.838583,
3,0.838759,
4,0.838774,
5,0.838908,
6,0.838132,
7,0.83832,
8,0.838502,
9,0.838285,
