Sample #,value,
0,0.838668,
1,0.838743,
2,0.838859,
3,0.838607,
4,0.83874,
5,0.838606,
6,0.838686,
7,0.838808,
8,0.838596,
9,0.838726,
10,0.838491,
11,0.838829,
12,0.838601,
13,0.838748,
14,0.838768,
15,0.838994,
16,0.838881,
17,0.838913,
18,0.838746,
19,0.838584,
20,0.838527,
21,0.838598,
22,0.838457,
23,0.83896,
24,0.838656,
