Sample #,value,
0,0.82916,
1,0.828834,
2,0.829442,
3,0.829714,
4,0.82985,
5,0.83007,
6,0.829334,
7,0.829327,
8,0.829269,
9,0.829982,
