Sample #,value,
0,0.829854,
1,0.82917,
2,0.829814,
3,0.829607,
4,0.829359,
5,0.829714,
6,0.829534,
7,0.82968,
8,0.829585,
9,0.829381,
10,0.829779,
11,0.829242,
12,0.829363,
13,0.829778,
14,0.829496,
15,0.82963,
16,0.829691,
17,0.829112,
18,0.829203,
19,0.82942,
20,0.829196,
21,0.829333,
22,0.82956,
23,0.829589,
24,0.829316,
