Sample #,value,
0,0.829755,
1,0.829227,
2,0.82968,
3,0.829557,
4,0.829099,
5,0.828614,
6,0.829005,
7,0.827996,
8,0.828917,
9,0.829237,
