Sample #,value,
0,0.838639,
1,0.838515,
2,0.838616,
3,0.83909,
4,0.838969,
5,0.839344,
6,0.83845,
7,0.838357,
8,0.838656,
9,0.838563,
