Sample #,value,
0,0.829469,
1,0.829665,
2,0.829783,
3,0.829365,
4,0.829476,
5,0.829579,
6,0.829279,
7,0.829575,
8,0.829418,
9,0.829594,
10,0.829416,
11,0.829232,
12,0.829437,
13,0.829602,
14,0.829573,
15,0.829339,
16,0.829535,
17,0.829208,
18,0.82947,
19,0.829848,
20,0.829583,
21,0.829549,
22,0.829257,
23,0.829433,
24,0.829404,
