Sample #,value,
0,0.806031,
1,0.805984,
2,0.806152,
3,0.805866,
4,0.805947,
5,0.806038,
6,0.805772,
7,0.805788,
8,0.805802,
9,0.805834,
10,0.80584,
11,0.805692,
12,0.805952,
13,0.805836,
14,0.80595,
15,0.806124,
16,0.805967,
17,0.805821,
18,0.805931,
19,0.80569,
20,0.80613,
21,0.806047,
22,0.806325,
23,0.805876,
24,0.806046,
