Sample #,value,
0,0.838327,
1,0.839116,
2,0.839061,
3,0.838834,
4,0.838824,
5,0.839162,
6,0.839157,
7,0.83866,
8,0.838807,
9,0.839025,
