Sample #,value,
0,0.829645,
1,0.829605,
2,0.829641,
3,0.829814,
4,0.829928,
5,0.829707,
6,0.82961,
7,0.82927,
8,0.829379,
9,0.829077,
10,0.829446,
11,0.828984,
12,0.829647,
13,0.829643,
14,0.829589,
15,0.829203,
16,0.829313,
17,0.829617,
18,0.829426,
19,0.829098,
20,0.829835,
21,0.829714,
22,0.829086,
23,0.829598,
24,0.829458,
