Sample #,value,
0,0.806572,
1,0.805411,
2,0.804778,
3,0.805559,
4,0.804956,
5,0.805919,
6,0.805286,
7,0.80617,
8,0.806412,
9,0.805693,
