Sample #,value,
0,0.806002,
1,0.806136,
2,0.806296,
3,0.805993,
4,0.80604,
5,0.805916,
6,0.805898,
7,0.80579,
8,0.80601,
9,0.806118,
10,0.805659,
11,0.806279,
12,0.805799,
13,0.80637,
14,0.806006,
15,0.805905,
16,0.806165,
17,0.806158,
18,0.80569,
19,0.806316,
20,0.805752,
21,0.805929,
22,0.806097,
23,0.805859,
24,0.805612,
