Sample #,value,
0,0.838709,
1,0.838838,
2,0.838682,
3,0.838864,
4,0.838652,
5,0.838989,
6,0.839023,
7,0.838843,
8,0.838915,
9,0.838588,
10,0.838443,
11,0.838737,
12,0.838812,
13,0.838671,
14,0.838786,
15,0.838725,
16,0.83875,
17,0.838772,
18,0.83824,
19,0.83851,
20,0.838893,
21,0.838901,
22,0.838653,
23,0.838772,
24,0.838979,
