Sample #,value,
0,0.8289,
1,0.828998,
2,0.828916,
3,0.828207,
4,0.828848,
5,0.829421,
6,0.829659,
7,0.829683,
8,0.829272,
9,0.830193,
