Sample #,value,
0,0.806363,
1,0.80619,
2,0.805779,
3,0.806053,
4,0.804888,
5,0.806131,
6,0.806304,
7,0.807355,
8,0.805376,
9,0.806159,
