Sample #,value,
0,0.829872,
1,0.829658,
2,0.830156,
3,0.830691,
4,0.829285,
5,0.830217,
6,0.830227,
7,0.830945,
8,0.829715,
9,0.82899,
