Sample #,value,
0,0.805365,
1,0.80595,
2,0.806268,
3,0.807417,
4,0.806656,
5,0.805944,
6,0.806896,
7,0.80676,
8,0.806891,
9,0.805654,
