Sample #,value,
0,0.722379,
1,0.723022,
2,0.724102,
3,0.722747,
4,0.721979,
5,0.718135,
6,0.723207,
7,0.720032,
8,0.71887,
9,0.719543,
