Sample #,value,
0,0.847561,
1,0.84757,
2,0.847569,
3,0.846736,
4,0.84719,
5,0.84672,
6,0.848129,
7,0.84703,
8,0.847685,
9,0.846956,
