Sample #,value,
0,0.866889,
1,0.866273,
2,0.8661,
3,0.865968,
4,0.866321,
5,0.866535,
6,0.866777,
7,0.866017,
8,0.866721,
9,0.865985,
