Sample #,value,
0,0.749352,
1,0.749161,
2,0.747274,
3,0.74771,
4,0.749594,
5,0.747894,
6,0.750453,
7,0.744485,
8,0.74863,
9,0.745576,
