Sample #,value,
0,0.881221,
1,0.880962,
2,0.881538,
3,0.880948,
4,0.880929,
5,0.881,
6,0.880899,
7,0.881058,
8,0.881579,
9,0.880534,
