Sample #,value,
0,0.860724,
1,0.860375,
2,0.86017,
3,0.860084,
4,0.860427,
5,0.860284,
6,0.860821,
7,0.859703,
8,0.861074,
9,0.860222,
