Sample #,value,
0,0.774181,
1,0.771777,
2,0.770633,
3,0.771094,
4,0.772109,
5,0.770499,
6,0.768969,
7,0.773826,
8,0.770872,
9,0.771825,
