Sample #,value,
0,0.651491,
1,0.652894,
2,0.64797,
3,0.648761,
4,0.653854,
5,0.650109,
6,0.648399,
7,0.651792,
8,0.650291,
9,0.64909,
