Sample #,value,
0,0.68987,
1,0.689838,
2,0.689047,
3,0.690771,
4,0.687232,
5,0.686754,
6,0.68815,
7,0.68574,
8,0.687443,
9,0.687444,
