Sample #,value,
0,0.820738,
1,0.817319,
2,0.817418,
3,0.817192,
4,0.817362,
5,0.815758,
6,0.821857,
7,0.819949,
8,0.816553,
9,0.816543,
