Sample #,value,
0,0.877137,
1,0.876623,
2,0.876587,
3,0.876237,
4,0.876299,
5,0.876462,
6,0.876709,
7,0.87564,
8,0.877345,
9,0.876047,
