Sample #,value,
0,0.810101,
1,0.808894,
2,0.806745,
3,0.807359,
4,0.805299,
5,0.808726,
6,0.806195,
7,0.804031,
8,0.808957,
9,0.805419,
