Sample #,value,
0,0.610651,
1,0.610441,
2,0.607479,
3,0.612788,
4,0.608167,
5,0.608075,
6,0.60922,
7,0.609432,
8,0.608984,
9,0.608897,
