Sample #,value,
0,0.520458,
1,0.52157,
2,0.520878,
3,0.520754,
4,0.520835,
5,0.520919,
6,0.519926,
7,0.520473,
8,0.517573,
9,0.519126,
