Sample #,value,
0,0.853984,
1,0.853749,
2,0.853956,
3,0.851046,
4,0.853149,
5,0.853734,
6,0.853868,
7,0.853132,
8,0.85428,
9,0.852753,
