Sample #,value,
0,0.791178,
1,0.789313,
2,0.791003,
3,0.788615,
4,0.791712,
5,0.789355,
6,0.790418,
7,0.790851,
8,0.790772,
9,0.789697,
