Sample #,value,
0,0.840105,
1,0.83939,
2,0.839808,
3,0.839292,
4,0.840217,
5,0.837197,
6,0.837742,
7,0.83869,
8,0.839874,
9,0.838716,
