Sample #,value,
0,0.872089,
1,0.87182,
2,0.871669,
3,0.871829,
4,0.871263,
5,0.872027,
6,0.87203,
7,0.871501,
8,0.871543,
9,0.87119,
