Sample #,value,
0,0.56749,
1,0.56553,
2,0.568266,
3,0.56494,
4,0.565772,
5,0.564283,
6,0.565384,
7,0.5656,
8,0.56647,
9,0.567015,
