Sample #,value,
0,0.475545,
1,0.477096,
2,0.473926,
3,0.475552,
4,0.473547,
5,0.474506,
6,0.476296,
7,0.474513,
8,0.473198,
9,0.473902,
