Sample #,value,
0,0.838395,
1,0.838821,
2,0.838548,
3,0.838707,
4,0.838697,
5,0.838702,
6,0.838771,
7,0.838846,
8,0.838791,
9,0.838707,
10,0.838751,
11,0.838623,
12,0.838927,
13,0.838809,
14,0.838781,
15,0.838569,
16,0.838727,
17,0.838674,
18,0.838737,
19,0.838796,
20,0.83876,
21,0.838802,
22,0.838889,
23,0.838667,
24,0.838893,
