Sample #,value,
0,0.829362,
1,0.829409,
2,0.829565,
3,0.829553,
4,0.829425,
5,0.829468,
6,0.829529,
7,0.829458,
8,0.829699,
9,0.829532,
10,0.829632,
11,0.829584,
12,0.829557,
13,0.829527,
14,0.829421,
15,0.829357,
16,0.829485,
17,0.829403,
18,0.829267,
19,0.829399,
20,0.829406,
21,0.829647,
22,0.82961,
23,0.829266,
24,0.829696,
