Sample #,value,
0,0.806101,
1,0.806116,
2,0.806008,
3,0.806001,
4,0.805937,
5,0.805982,
6,0.805958,
7,0.806002,
8,0.806025,
9,0.806047,
10,0.806047,
11,0.805853,
12,0.805859,
13,0.805871,
14,0.805781,
15,0.806013,
16,0.806157,
17,0.80589,
18,0.805821,
19,0.80582,
20,0.806215,
21,0.805899,
22,0.80607,
23,0.806091,
24,0.80576,
