Sample #,value,
0,0.8293,
1,0.82941,
2,0.830282,
3,0.830301,
4,0.829575,
5,0.828817,
6,0.828774,
7,0.830003,
8,0.830021,
9,0.82991,
10,0.829104,
11,0.828844,
12,0.829248,
13,0.830268,
14,0.829745,
15,0.829656,
16,0.829298,
17,0.829665,
18,0.830028,
19,0.830469,
20,0.830785,
21,0.830373,
22,0.829793,
23,0.829175,
24,0.829611,
