Sample #,value,
0,0.829315,
1,0.829574,
2,0.82958,
3,0.829525,
4,0.829745,
5,0.829338,
6,0.829762,
7,0.82964,
8,0.829321,
9,0.829228,
10,0.829438,
11,0.829704,
12,0.829416,
13,0.829501,
14,0.829674,
15,0.829612,
16,0.829569,
17,0.829698,
18,0.829537,
19,0.82923,
20,0.829476,
21,0.829005,
22,0.829428,
23,0.829361,
24,0.829831,
