Sample #,value,
0,0.805747,
1,0.806077,
2,0.805348,
3,0.805724,
4,0.805831,
5,0.806022,
6,0.805957,
7,0.806616,
8,0.806255,
9,0.806342,
10,0.806114,
11,0.805457,
12,0.806097,
13,0.80622,
14,0.806182,
15,0.805942,
16,0.80611,
17,0.805491,
18,0.806319,
19,0.806408,
20,0.80633,
21,0.805788,
22,0.805532,
23,0.805713,
24,0.806317,
