Sample #,value,
0,0.838881,
1,0.83888,
2,0.838711,
3,0.838872,
4,0.838844,
5,0.83876,
6,0.838872,
7,0.838923,
8,0.838781,
9,0.838713,
10,0.838602,
11,0.838696,
12,0.838792,
13,0.838856,
14,0.839011,
15,0.83851,
16,0.838757,
17,0.838812,
18,0.838811,
19,0.838708,
20,0.838598,
21,0.838442,
22,0.838253,
23,0.838535,
24,0.838449,
