Sample #,value,
0,0.83949,
1,0.839012,
2,0.83922,
3,0.838945,
4,0.838803,
5,0.839198,
6,0.838476,
7,0.838856,
8,0.838686,
9,0.838069,
10,0.83879,
11,0.839323,
12,0.838915,
13,0.838785,
14,0.83826,
15,0.839023,
16,0.838748,
17,0.839457,
18,0.83883,
19,0.838977,
20,0.839022,
21,0.838763,
22,0.838765,
23,0.838663,
24,0.838508,
