Sample #,value,
0,0.829584,
1,0.829627,
2,0.829476,
3,0.829677,
4,0.829686,
5,0.829407,
6,0.829477,
7,0.82978,
8,0.829703,
9,0.829645,
10,0.829208,
11,0.829436,
12,0.829638,
13,0.829693,
14,0.829538,
15,0.829249,
16,0.829631,
17,0.829479,
18,0.829473,
19,0.829404,
20,0.829262,
21,0.829531,
22,0.829503,
23,0.829347,
24,0.829826,
