Sample #,value,
0,0.838669,
1,0.838725,
2,0.838694,
3,0.838675,
4,0.83869,
5,0.838717,
6,0.838677,
7,0.838788,
8,0.838894,
9,0.838671,
10,0.838608,
11,0.838705,
12,0.838678,
13,0.838558,
14,0.83869,
15,0.838756,
16,0.838719,
17,0.838748,
18,0.838719,
19,0.838917,
20,0.838738,
21,0.83884,
22,0.838853,
23,0.838721,
24,0.83879,
