Sample #,value,
0,0.829465,
1,0.829511,
2,0.829565,
3,0.829289,
4,0.829631,
5,0.829491,
6,0.829556,
7,0.829454,
8,0.829562,
9,0.829447,
10,0.829487,
11,0.829503,
12,0.829488,
13,0.829471,
14,0.829541,
15,0.829641,
16,0.829516,
17,0.829514,
18,0.829622,
19,0.829473,
20,0.829562,
21,0.829699,
22,0.829484,
23,0.829355,
24,0.829302,
