Sample #,value,
0,0.806038,
1,0.80595,
2,0.805993,
3,0.805963,
4,0.805944,
5,0.806192,
6,0.806101,
7,0.806114,
8,0.806003,
9,0.806125,
10,0.805998,
11,0.806058,
12,0.806039,
13,0.8061,
14,0.806045,
15,0.806128,
16,0.80609,
17,0.806095,
18,0.805923,
19,0.805948,
20,0.805902,
21,0.805979,
22,0.805902,
23,0.805991,
24,0.806038,
