Sample #,value,
0,0.806029,
1,0.805934,
2,0.806008,
3,0.806058,
4,0.80591,
5,0.805837,
6,0.806204,
7,0.806012,
8,0.805976,
9,0.806034,
10,0.805979,
11,0.806067,
12,0.805811,
13,0.806079,
14,0.805975,
15,0.805942,
16,0.805826,
17,0.806049,
18,0.805976,
19,0.806015,
20,0.806062,
21,0.805894,
22,0.805979,
23,0.805918,
24,0.805883,
