Sample #,value,
0,0.80607,
1,0.805992,
2,0.805875,
3,0.805919,
4,0.805988,
5,0.805971,
6,0.80591,
7,0.805771,
8,0.806077,
9,0.806213,
10,0.805925,
11,0.805788,
12,0.805838,
13,0.806059,
14,0.805967,
15,0.806202,
16,0.806062,
17,0.805857,
18,0.805952,
19,0.805993,
20,0.806166,
21,0.805876,
22,0.806147,
23,0.806027,
24,0.806099,
