Sample #,value,
0,0.806878,
1,0.805937,
2,0.806763,
3,0.807648,
4,0.806336,
5,0.805638,
6,0.806302,
7,0.806292,
8,0.806459,
9,0.805909,
10,0.805819,
11,0.806519,
12,0.806467,
13,0.80691,
14,0.807249,
15,0.806908,
16,0.806056,
17,0.806641,
18,0.807106,
19,0.807102,
20,0.806864,
21,0.807561,
22,0.807111,
23,0.807056,
24,0.806222,
