Sample #,value,
0,0.839854,
1,0.839443,
2,0.839809,
3,0.839946,
4,0.839075,
5,0.83979,
6,0.839836,
7,0.838312,
8,0.839424,
9,0.838428,
