Sample #,value,
0,0.839488,
1,0.840071,
2,0.840001,
3,0.840144,
4,0.840023,
5,0.839774,
6,0.839366,
7,0.839452,
8,0.84005,
9,0.839519,
