Sample #,value,
0,0.831396,
1,0.831543,
2,0.829602,
3,0.830664,
4,0.830824,
5,0.83061,
6,0.831446,
7,0.830651,
8,0.832094,
9,0.830661,
