Sample #,value,
0,0.829001,
1,0.829275,
2,0.829021,
3,0.829377,
4,0.829359,
5,0.829408,
6,0.82912,
7,0.829662,
8,0.829629,
9,0.829348,
10,0.829617,
11,0.830018,
12,0.830156,
13,0.830008,
14,0.829866,
15,0.829439,
16,0.829656,
17,0.829623,
18,0.829603,
19,0.829516,
20,0.829531,
21,0.829004,
22,0.82921,
23,0.829016,
24,0.829242,
