Sample #,value,
0,0.839017,
1,0.839133,
2,0.839027,
3,0.838725,
4,0.838196,
5,0.838358,
6,0.838634,
7,0.838879,
8,0.838756,
9,0.838244,
10,0.838206,
11,0.83789,
12,0.838757,
13,0.838934,
14,0.83853,
15,0.838762,
16,0.838509,
17,0.839053,
18,0.83845,
19,0.838009,
20,0.838466,
21,0.838401,
22,0.838446,
23,0.838453,
24,0.838604,
