Sample #,value,
0,0.838869,
1,0.839076,
2,0.839082,
3,0.839076,
4,0.839016,
5,0.839108,
6,0.839334,
7,0.839011,
8,0.838869,
9,0.838719,
10,0.838547,
11,0.838595,
12,0.838921,
13,0.838652,
14,0.838488,
15,0.838416,
16,0.838465,
17,0.838648,
18,0.838538,
19,0.838514,
20,0.838551,
21,0.838661,
22,0.839109,
23,0.838926,
24,0.839121,
