Sample #,value,
0,0.82955,
1,0.829526,
2,0.829358,
3,0.828981,
4,0.829627,
5,0.829635,
6,0.829362,
7,0.829344,
8,0.829702,
9,0.829633,
10,0.82956,
11,0.829579,
12,0.829737,
13,0.829608,
14,0.829254,
15,0.829089,
16,0.829103,
17,0.829349,
18,0.829453,
19,0.829388,
20,0.82951,
21,0.829465,
22,0.829588,
23,0.829809,
24,0.829693,
