Sample #,value,
0,0.839231,
1,0.83933,
2,0.839353,
3,0.839132,
4,0.839146,
5,0.838508,
6,0.838779,
7,0.83864,
8,0.839171,
9,0.838999,
10,0.838413,
11,0.8383,
12,0.838479,
13,0.838859,
14,0.83895,
15,0.838949,
16,0.838902,
17,0.838735,
18,0.838287,
19,0.83875,
20,0.838657,
21,0.838687,
22,0.838617,
23,0.838862,
24,0.838727,
