Sample #,value,
0,0.806146,
1,0.805763,
2,0.805991,
3,0.80566,
4,0.806292,
5,0.806771,
6,0.806714,
7,0.805903,
8,0.805107,
9,0.805029,
10,0.806245,
11,0.805907,
12,0.805822,
13,0.806598,
14,0.805515,
15,0.806459,
16,0.806077,
17,0.80549,
18,0.806479,
19,0.806717,
20,0.805867,
21,0.806034,
22,0.806321,
23,0.8062,
24,0.806137,
