Sample #,value,
0,0.829801,
1,0.829594,
2,0.82962,
3,0.829176,
4,0.82926,
5,0.82995,
6,0.83014,
7,0.829786,
8,0.829861,
9,0.829601,
10,0.829761,
11,0.829977,
12,0.82956,
13,0.829304,
14,0.829169,
15,0.829268,
16,0.829155,
17,0.829335,
18,0.82977,
19,0.829313,
20,0.829387,
21,0.829233,
22,0.829608,
23,0.829131,
24,0.83027,
